company_name,company_profile
Ciklum,https://jobs.dou.ua/companies/ciklum/
SoftServe,https://jobs.dou.ua/companies/softserve/
EPAM,https://jobs.dou.ua/companies/epam-systems/
Ring Ukraine,https://jobs.dou.ua/companies/ring-ukraine/
Luxoft,https://jobs.dou.ua/companies/luxoft/
Levi9 Ukraine,https://jobs.dou.ua/companies/levi9/
EVOPLAY,https://jobs.dou.ua/companies/evoplay/
BETLAB,https://jobs.dou.ua/companies/betlab/
Ubisoft,https://jobs.dou.ua/companies/ubisoft/
Innovecs,https://jobs.dou.ua/companies/innovecs/
DataArt,https://jobs.dou.ua/companies/dataart/
ZEO Alliance,https://jobs.dou.ua/companies/zeo-alliance/
Sigma Software,https://jobs.dou.ua/companies/sigma-software/
Materialise,https://jobs.dou.ua/companies/materialise/
ЛУН,https://jobs.dou.ua/companies/lun-ua/
MacPaw,https://jobs.dou.ua/companies/macpaw/
"Amadeus Product and Solution Centre, Ukraine",https://jobs.dou.ua/companies/amadeus-ukraine/
Plarium,https://jobs.dou.ua/companies/plarium/
TEOZ,https://jobs.dou.ua/companies/teoz/
GlobalLogic,https://jobs.dou.ua/companies/globallogic/
Lohika,https://jobs.dou.ua/companies/lohika-systems/
Infopulse,https://jobs.dou.ua/companies/infopulse/
Astound Commerce,https://jobs.dou.ua/companies/astound/
WIX.com,https://jobs.dou.ua/companies/wix/
Cogniance,https://jobs.dou.ua/companies/cogniance/
3Shape Ukraine,https://jobs.dou.ua/companies/3shape-ukraine/
Grammarly,https://jobs.dou.ua/companies/grammarly/
Beetroot,https://jobs.dou.ua/companies/beetroot/
"Svitla Systems, Inc.",https://jobs.dou.ua/companies/svitla-systems-inc/
Labstech,https://jobs.dou.ua/companies/labstech/
Wargaming.net,https://jobs.dou.ua/companies/wargaming/
AMC Bridge,https://jobs.dou.ua/companies/amcbridge/
TapMedia,https://jobs.dou.ua/companies/tapmedia/
Magento Commerce,https://jobs.dou.ua/companies/magento/
VertaMedia,https://jobs.dou.ua/companies/vertamedia/
Agilites,https://jobs.dou.ua/companies/agilites/
Intersog,https://jobs.dou.ua/companies/intersog/
SimCorp,https://jobs.dou.ua/companies/simcorp/
Wikr Group,https://jobs.dou.ua/companies/wikr-group/
Edvantis Software,https://jobs.dou.ua/companies/edvantis-software/
Sitecore,https://jobs.dou.ua/companies/sitecore-ukraine/
Intellias,https://jobs.dou.ua/companies/intellias/
Daxx BV,https://jobs.dou.ua/companies/daxx-group/
AgileEngine,https://jobs.dou.ua/companies/agileengine/
ZONE3000,https://jobs.dou.ua/companies/zone3000/
Playtika UA,https://jobs.dou.ua/companies/playtika-ua/
Zfort Group,https://jobs.dou.ua/companies/zfort/
Playtech,https://jobs.dou.ua/companies/playtech/
N-iX,https://jobs.dou.ua/companies/n-ix/
Dev-Pro.net,https://jobs.dou.ua/companies/dev-pronet/
Crossover for Work,https://jobs.dou.ua/companies/crossover/
ITCraft,https://jobs.dou.ua/companies/i-techs/
Intellectsoft,https://jobs.dou.ua/companies/intellectsoft/
Digicode,https://jobs.dou.ua/companies/digicode/
PDFfiller,https://jobs.dou.ua/companies/pdffiller/
Intetics Inc.,https://jobs.dou.ua/companies/intetics-co/
MobiDev,https://jobs.dou.ua/companies/mobidev/
Provectus,https://jobs.dou.ua/companies/provectus/
Betinvest Ltd,https://jobs.dou.ua/companies/betinvest/
Valtech,https://jobs.dou.ua/companies/valtech/
